epoch,train_loss
1,0.000365876982393003
2,0.00021772257408200513
3,0.00014650270464845253
4,0.0001059893478736328
5,8.10695760621627e-05
6,6.319237146991836e-05
7,5.002056763357543e-05
8,4.023686992819821e-05
9,3.3145479748720326e-05
10,2.7090768397975046e-05
11,2.2720230850506875e-05
12,1.912679978978323e-05
13,1.646496514925768e-05
14,1.4180931125407847e-05
15,1.2329729560110258e-05
