epoch,train_loss
1,0.00036498996059361325
2,0.00021641751002426918
3,0.00014707687984708397
4,0.00010725697048693268
5,8.193919960046539e-05
6,6.337822815932864e-05
7,4.976148203855863e-05
8,3.989702428370987e-05
9,3.251560719076072e-05
10,2.65666700448727e-05
11,2.2112596410092592e-05
12,1.8588313262763425e-05
13,1.6161937388254017e-05
14,1.4006121447425417e-05
15,1.228197917756301e-05
