epoch,train_loss
1,0.0003726830489642875
2,0.0002155579914319855
3,0.00014306183786304895
4,0.0001012288023243106
5,7.437394901570898e-05
6,5.585396981028617e-05
7,4.272741465842844e-05
8,3.334261897376162e-05
9,2.6019371403259492e-05
10,2.0848956912358194e-05
11,1.692387082462006e-05
12,1.4115265489693738e-05
13,1.2114458388373923e-05
14,1.0425154708476318e-05
15,9.068385534172058e-06
