epoch,train_loss
1,0.00037218793934197156
2,0.00021651441745659678
3,0.0001426097739681924
4,0.00010134157348988396
5,7.461589167638002e-05
6,5.53409415768068e-05
7,4.1986402236946686e-05
8,3.2791167576327155e-05
9,2.593449668684828e-05
10,2.0772760335568686e-05
11,1.7143491294420885e-05
12,1.4197530354108801e-05
13,1.2029186648235028e-05
14,1.0330089368926633e-05
15,9.064596882968925e-06
