epoch,train_loss
1,0.00036638211757047614
2,0.00021737582231845824
3,0.00014750742036252832
4,0.00010751801471015475
5,8.232708649886986e-05
6,6.394668041727758e-05
7,5.057885701496869e-05
8,4.02499105367237e-05
9,3.257593296901361e-05
10,2.6475145871629635e-05
11,2.198635092608491e-05
12,1.841125602672937e-05
13,1.5882094168162314e-05
14,1.3827026771365225e-05
15,1.202708075411323e-05
