epoch,train_loss
1,0.0003658003356937177
2,0.00021681202879561415
3,0.0001491747995430261
4,0.000109297568984567
5,8.232500027010143e-05
6,6.316444330297749e-05
7,4.966812580961414e-05
8,3.949036487556324e-05
9,3.211396851139963e-05
10,2.612633598400995e-05
11,2.1878785629778443e-05
12,1.8301525746029777e-05
13,1.5692786061583322e-05
14,1.3659144567536374e-05
15,1.1893944685431025e-05
