epoch,train_loss
1,0.0003644502475301185
2,0.00021730595913582173
3,0.00014758785462628196
4,0.00010713969736034234
5,8.160875653583511e-05
6,6.281314378845315e-05
7,4.933114620498687e-05
8,3.945191205325373e-05
9,3.203216999089004e-05
10,2.6399640834974464e-05
11,2.198008569127315e-05
12,1.8429805843726877e-05
13,1.5934066709900984e-05
14,1.3908582231324698e-05
15,1.2202188375917656e-05
