epoch,train_loss
1,0.00036452900060284584
2,0.0002180924628263242
3,0.00014900167628837408
4,0.00010856217197845941
5,8.192408736425835e-05
6,6.301379137115555e-05
7,4.9412398010601914e-05
8,3.9182782465226955e-05
9,3.181711365545359e-05
10,2.5906372200245094e-05
11,2.1851623827068576e-05
12,1.8358025608683877e-05
13,1.58533505567994e-05
14,1.3866796910101585e-05
15,1.2228402706816682e-05
