epoch,train_loss
1,0.00037206765560812157
2,0.00021603999438001746
3,0.0001422171089652058
4,0.00010083008115499163
5,7.437725786815632e-05
6,5.5879826152307946e-05
7,4.273164301352293e-05
8,3.335461087693506e-05
9,2.6589666945124734e-05
10,2.13628377309686e-05
11,1.7550323498072886e-05
12,1.4489642610983367e-05
13,1.2277427120416405e-05
14,1.0632452466440028e-05
15,9.288498452100575e-06
