epoch,train_loss
1,0.0003719485744282051
2,0.00021544517340982636
3,0.00014357805257135054
4,0.00010196261356709752
5,7.511447845536274e-05
6,5.619486417224731e-05
7,4.33891806753429e-05
8,3.383877002127109e-05
9,2.6905757435559444e-05
10,2.1756176727111362e-05
11,1.777461573828592e-05
12,1.463482582752938e-05
13,1.246763081541807e-05
14,1.0783337308792324e-05
15,9.421681262496992e-06
