epoch,train_loss
1,0.00037227611240875786
2,0.00021582124342857558
3,0.00014049354348896173
4,0.00010011385467184719
5,7.424090050947261e-05
6,5.5661806815479926e-05
7,4.231948047986406e-05
8,3.306188245276188e-05
9,2.586752711104829e-05
10,2.0532132706564588e-05
11,1.6848185407629576e-05
12,1.4083575282363891e-05
13,1.2040435854028604e-05
14,1.0422590378131484e-05
15,9.155247147665141e-06
