epoch,train_loss
1,0.00037290064787223455
2,0.00025209773388402897
3,0.00022126847289938368
4,0.0002040149590826995
5,0.00019236813620923386
6,0.0001839383459772501
7,0.00017795682116791337
8,0.0001730704768676789
9,0.0001693665636578815
10,0.00016565028283495724
11,0.00016303973885902233
12,0.0001604011193741999
13,0.00015822567507581468
14,0.00015591295798095478
15,0.00015371148389492986
