epoch,train_err
1,0.4072181048925235
2,0.20828955712676642
3,0.16894302940814568
4,0.1482806599085669
5,0.13479285572308827
6,0.12404993800342637
7,0.11715932646165204
8,0.11118683211706468
9,0.10708843266982802
10,0.10174063662435756
11,0.09898628503279666
12,0.09671465485418974
13,0.09272983691588342
14,0.09060964874918363
15,0.0881392509299486
