epoch,train_loss
1,0.0003722594102903816
2,0.0002169551056513898
3,0.00014361180617637794
4,0.00010078607107483308
5,7.39667348180497e-05
6,5.5225096465382334e-05
7,4.178074912156388e-05
8,3.260159393128153e-05
9,2.5726516437435274e-05
10,2.034378209509934e-05
11,1.6769891415728425e-05
12,1.3844040279323291e-05
13,1.186903774847848e-05
14,1.0189602263447052e-05
15,8.922475984901064e-06
