epoch,train_loss
1,0.0003724104213487777
2,0.00021673101356485023
3,0.00014255265047461718
4,0.00010074946850476478
5,7.447750590486842e-05
6,5.586837928144966e-05
7,4.262501238236122e-05
8,3.281295971887436e-05
9,2.5852349141852225e-05
10,2.0686095845563516e-05
11,1.6818950641752736e-05
12,1.3985763204113501e-05
13,1.2037031410796517e-05
14,1.0300037498086055e-05
15,9.082839807180053e-06
