epoch,train_err
1,0.4061580108091736
2,0.16486356021239743
3,0.0820531750764309
4,0.041684413777437035
5,0.020965253523393058
6,0.010960615611778402
7,0.005906238464377999
8,0.0042214460819111985
9,0.0019498159033042755
10,0.0012493965982338076
11,0.000407000407000407
12,0.00019876764062810574
13,0.00011358150893034614
14,0.0
15,0.0
