epoch,train_loss
1,0.00037252435921733275
2,0.00021547252787118342
3,0.00014093218046189372
4,0.00010048893967754116
5,7.388698748524267e-05
6,5.471457259983397e-05
7,4.18208879170835e-05
8,3.280014112378101e-05
9,2.5743667079471225e-05
10,2.0545782487067577e-05
11,1.6818446407305084e-05
12,1.4027623291584279e-05
13,1.200978538435437e-05
14,1.027430015585892e-05
15,9.062553595511066e-06
