epoch,train_err
1,0.4073127561499654
2,0.1629800001893025
3,0.08299022252510625
4,0.04240376333399589
5,0.02022697371534581
6,0.01047789419882443
7,0.006180727110959669
8,0.004088934321492461
9,0.0021485835439323813
10,0.0013819083586525448
11,0.0005679075446517307
12,0.0003786050297678205
13,8.51861316977596e-05
14,0.0
15,0.0
