epoch,train_loss
1,0.000251327171525968
2,0.00015076135546768715
3,0.00010641144478030869
4,8.167961651288835e-05
5,6.473414676798281e-05
6,5.1708257200287164e-05
7,4.212173404420172e-05
8,3.4915401781654015e-05
9,2.904203311348802e-05
10,2.4283230574283324e-05
11,2.029535982675227e-05
12,1.7296243276514017e-05
13,1.4660841792564413e-05
14,1.2663199848986839e-05
15,1.1056083856881754e-05
