epoch,train_loss
1,0.0002884735808757676
2,0.00016909339566442154
3,0.00011721293205768695
4,8.800800073118584e-05
5,6.818798139668857e-05
6,5.282723077271732e-05
7,4.2065628148644486e-05
8,3.3760801061398044e-05
9,2.7302155864066344e-05
10,2.2348327950658492e-05
11,1.869251138877307e-05
12,1.5471483668553137e-05
13,1.3104413290085152e-05
14,1.1173415953637883e-05
15,9.668830053030878e-06
