epoch,train_loss
1,0.00032062841634729675
2,0.00017982921948175894
3,0.00012212930438616006
4,8.444892007108737e-05
5,6.032677512884286e-05
6,4.3375575522311005e-05
7,3.252578979768102e-05
8,2.5511925339060157e-05
9,2.0174413983032063e-05
10,1.6079012627656993e-05
11,1.3300096993588862e-05
12,1.1215255706359754e-05
13,9.579040185559552e-06
14,8.39699889488785e-06
15,7.394771620434923e-06
