epoch,train_loss
1,0.00011422400768644973
2,7.411878619093857e-05
3,5.642666605578145e-05
4,4.678496869694697e-05
5,4.056659989430122e-05
6,3.589417992049342e-05
7,3.1992669314986086e-05
8,2.871677092680694e-05
9,2.589182441929172e-05
10,2.3519368218753167e-05
11,2.1348783668066146e-05
12,1.9479788737438647e-05
13,1.7936096387518625e-05
14,1.6609635510753583e-05
15,1.535179665922933e-05
