epoch,train_loss
1,0.00037251755044546465
2,0.00021535193287226478
3,0.00014128356542985473
4,9.997051618654431e-05
5,7.404226694456382e-05
6,5.5801981822314324e-05
7,4.316535974853966e-05
8,3.3905007256314535e-05
9,2.6995163619281825e-05
10,2.1747479179977534e-05
11,1.763242233311147e-05
12,1.4631820247072142e-05
13,1.2492216502014089e-05
14,1.0748826695645058e-05
15,9.402924000648597e-06
