epoch,train_loss
1,0.00037314652658748546
2,0.00021663968248494827
3,0.00014388675738225367
4,0.00010153542303749219
5,7.446410394285784e-05
6,5.5773617524621834e-05
7,4.29952080558289e-05
8,3.363582942552982e-05
9,2.6521096741566522e-05
10,2.12290426944431e-05
11,1.7480958460312946e-05
12,1.4530057768241511e-05
13,1.2425896596346196e-05
14,1.0768711428938112e-05
15,9.433401258580151e-06
