epoch,train_err
1,0.4066501973478718
2,0.16401169889541983
3,0.08273466413001297
4,0.04032143567027288
5,0.02028376446981098
6,0.011509592904941742
7,0.007572100595356409
8,0.004988121267191035
9,0.0029909797351657815
10,0.0019308856518158843
11,0.0006246982991169038
12,0.000388070155512016
13,0.00015144201190712817
14,0.0
15,0.0
