epoch,train_err
1,0.40760617504803554
2,0.16647263158891065
3,0.08675734257129605
4,0.04220499569336779
5,0.019412972901344996
6,0.010326452186917303
7,0.006426820380308752
8,0.004060538944259874
9,0.00212965329244399
10,0.0015049549933270864
11,0.0005584424189075352
12,0.0001609071376513237
13,0.0
14,0.0
15,0.0
