epoch,train_loss
1,0.00036479700451219594
2,0.0002174652315070228
3,0.00014882475499693233
4,0.00010820390188456544
5,8.151095669512686e-05
6,6.249388665493433e-05
7,4.881572905474836e-05
8,3.892346787192484e-05
9,3.152749670515331e-05
10,2.577244212597918e-05
11,2.1419404842255452e-05
12,1.8002249484225933e-05
13,1.5596316205681343e-05
14,1.3566447480533104e-05
15,1.1956609206630475e-05
